locus	allele	carriers	annotated	broadened	scope	matched_allele	n_traits	cohort_alleles_sharing_match
HLA-A	A*01:01	400	yes	no	subtype	A*01:01	4	1
HLA-A	A*01:01/04N/22N/32/34N/37	1	no	NA	NA	NA	0	0
HLA-A	A*01:02	21	no	NA	NA	NA	0	0
HLA-A	A*01:89	1	no	NA	NA	NA	0	0
HLA-A	A*02:01	751	yes	no	subtype	A*02:01	4	1
HLA-A	A*02:01/02/05/06	2	no	NA	NA	NA	0	0
HLA-A	A*02:01/03/22	1	no	NA	NA	NA	0	0
HLA-A	A*02:01/04/06/07/10/17/30/53N	1	no	NA	NA	NA	0	0
HLA-A	A*02:01/06/30	7	no	NA	NA	NA	0	0
HLA-A	A*02:01/22	1	no	NA	NA	NA	0	0
HLA-A	A*02:01/30	5	no	NA	NA	NA	0	0
HLA-A	A*02:01/53N	1	no	NA	NA	NA	0	0
HLA-A	A*02:02	68	no	NA	NA	NA	0	0
HLA-A	A*02:02/05	2	no	NA	NA	NA	0	0
HLA-A	A*02:03	78	no	NA	NA	NA	0	0
HLA-A	A*02:04	6	no	NA	NA	NA	0	0
HLA-A	A*02:05	50	yes	no	subtype	A*02:05	1	1
HLA-A	A*02:06	82	no	NA	NA	NA	0	0
HLA-A	A*02:07	115	no	NA	NA	NA	0	0
HLA-A	A*02:07*	9	no	NA	NA	NA	0	0
HLA-A	A*02:08	1	no	NA	NA	NA	0	0
HLA-A	A*02:09	2	no	NA	NA	NA	0	0
HLA-A	A*02:10	3	no	NA	NA	NA	0	0
HLA-A	A*02:11	99	no	NA	NA	NA	0	0
HLA-A	A*02:110	3	no	NA	NA	NA	0	0
HLA-A	A*02:13	1	no	NA	NA	NA	0	0
HLA-A	A*02:14	1	no	NA	NA	NA	0	0
HLA-A	A*02:147	1	no	NA	NA	NA	0	0
HLA-A	A*02:148/281/370/427/544/595/634	1	no	NA	NA	NA	0	0
HLA-A	A*02:17	4	no	NA	NA	NA	0	0
HLA-A	A*02:20	3	no	NA	NA	NA	0	0
HLA-A	A*02:22	9	no	NA	NA	NA	0	0
HLA-A	A*02:24	1	no	NA	NA	NA	0	0
HLA-A	A*02:39	1	no	NA	NA	NA	0	0
HLA-A	A*02:60	4	no	NA	NA	NA	0	0
HLA-A	A*02:64	1	no	NA	NA	NA	0	0
HLA-A	A*03:01	378	yes	no	subtype	A*03:01	1	1
HLA-A	A*03:01/02/05	2	no	NA	NA	NA	0	0
HLA-A	A*03:01/05	2	no	NA	NA	NA	0	0
HLA-A	A*03:01/05/06/50	1	no	NA	NA	NA	0	0
HLA-A	A*03:02	15	no	NA	NA	NA	0	0
HLA-A	A*03:02/07	1	no	NA	NA	NA	0	0
HLA-A	A*11:01	514	yes	no	subtype	A*11:01	2	1
HLA-A	A*11:01/02	1	no	NA	NA	NA	0	0
HLA-A	A*11:02	34	no	NA	NA	NA	0	0
HLA-A	A*11:02*	1	no	NA	NA	NA	0	0
HLA-A	A*11:03	1	no	NA	NA	NA	0	0
HLA-A	A*11:64	1	no	NA	NA	NA	0	0
HLA-A	A*23:01	180	no	NA	NA	NA	0	0
HLA-A	A*23:05/17	1	no	NA	NA	NA	0	0
HLA-A	A*23:15	1	no	NA	NA	NA	0	0
HLA-A	A*23:17	27	no	NA	NA	NA	0	0
HLA-A	A*23:17*	1	no	NA	NA	NA	0	0
HLA-A	A*24:01	1	no	NA	NA	NA	0	0
HLA-A	A*24:02	539	no	NA	NA	NA	0	0
HLA-A	A*24:02/03/10	1	no	NA	NA	NA	0	0
HLA-A	A*24:02/20	1	no	NA	NA	NA	0	0
HLA-A	A*24:02/20/25	4	no	NA	NA	NA	0	0
HLA-A	A*24:03	7	no	NA	NA	NA	0	0
HLA-A	A*24:04	2	no	NA	NA	NA	0	0
HLA-A	A*24:07	31	no	NA	NA	NA	0	0
HLA-A	A*24:08	1	no	NA	NA	NA	0	0
HLA-A	A*24:10	2	no	NA	NA	NA	0	0
HLA-A	A*24:17	10	no	NA	NA	NA	0	0
HLA-A	A*24:20	2	no	NA	NA	NA	0	0
HLA-A	A*24:24	1	no	NA	NA	NA	0	0
HLA-A	A*24:25	1	no	NA	NA	NA	0	0
HLA-A	A*24:33	1	no	NA	NA	NA	0	0
HLA-A	A*24:53	1	no	NA	NA	NA	0	0
HLA-A	A*25:01	21	no	NA	NA	NA	0	0
HLA-A	A*26:01	152	no	NA	NA	NA	0	0
HLA-A	A*26:01/02/12/13/14/17 66:01	1	no	NA	NA	NA	0	0
HLA-A	A*26:01/08	3	no	NA	NA	NA	0	0
HLA-A	A*26:01/08/12/13/14/16/17/20/31 43:01 66:01	1	no	NA	NA	NA	0	0
HLA-A	A*26:02	3	no	NA	NA	NA	0	0
HLA-A	A*26:02*	2	no	NA	NA	NA	0	0
HLA-A	A*26:03	7	no	NA	NA	NA	0	0
HLA-A	A*26:08	3	no	NA	NA	NA	0	0
HLA-A	A*29:01	37	no	NA	NA	NA	0	0
HLA-A	A*29:02	112	yes	no	subtype	A*29:02	2	1
HLA-A	A*29:32	1	no	NA	NA	NA	0	0
HLA-A	A*30:01	156	no	NA	NA	NA	0	0
HLA-A	A*30:02	145	no	NA	NA	NA	0	0
HLA-A	A*30:04	7	no	NA	NA	NA	0	0
HLA-A	A*30:07	1	no	NA	NA	NA	0	0
HLA-A	A*30:10	1	no	NA	NA	NA	0	0
HLA-A	A*31:01	132	yes	no	subtype	A*31:01	3	1
HLA-A	A*31:01/14N/23	1	no	NA	NA	NA	0	0
HLA-A	A*31:04	4	no	NA	NA	NA	0	0
HLA-A	A*31:12	1	no	NA	NA	NA	0	0
HLA-A	A*31:16	1	no	NA	NA	NA	0	0
HLA-A	A*32:01	124	no	NA	NA	NA	0	0
HLA-A	A*33:01	56	yes	no	subtype	A*33:01	2	1
HLA-A	A*33:03	279	no	NA	NA	NA	0	0
HLA-A	A*33:03/15/25	1	no	NA	NA	NA	0	0
HLA-A	A*33:61	1	no	NA	NA	NA	0	0
HLA-A	A*34:01	2	no	NA	NA	NA	0	0
HLA-A	A*34:02	62	no	NA	NA	NA	0	0
HLA-A	A*36:01	56	no	NA	NA	NA	0	0
HLA-A	A*66:01	39	no	NA	NA	NA	0	0
HLA-A	A*66:02	20	no	NA	NA	NA	0	0
HLA-A	A*66:03	7	no	NA	NA	NA	0	0
HLA-A	A*66:03*	1	no	NA	NA	NA	0	0
HLA-A	A*68:01	193	no	NA	NA	NA	0	0
HLA-A	A*68:02	121	no	NA	NA	NA	0	0
HLA-A	A*68:03	2	no	NA	NA	NA	0	0
HLA-A	A*68:15	4	no	NA	NA	NA	0	0
HLA-A	A*68:17	1	no	NA	NA	NA	0	0
HLA-A	A*69:01	5	no	NA	NA	NA	0	0
HLA-A	A*74:01	86	no	NA	NA	NA	0	0
HLA-A	A*74:02	5	no	NA	NA	NA	0	0
HLA-A	A*74:02/26	1	no	NA	NA	NA	0	0
HLA-A	A*74:03	2	no	NA	NA	NA	0	0
HLA-A	A*80:01	19	no	NA	NA	NA	0	0
HLA-B	B*07:02	312	yes	no	subtype	B*07:02	5	1
HLA-B	B*07:05	36	no	NA	NA	NA	0	0
HLA-B	B*07:06	28	no	NA	NA	NA	0	0
HLA-B	B*07:06*	1	no	NA	NA	NA	0	0
HLA-B	B*08:01	200	yes	no	subtype	B*08:01	11	1
HLA-B	B*13:01	72	yes	no	subtype	B*13:01	1	1
HLA-B	B*13:02	77	yes	no	subtype	B*13:02	1	1
HLA-B	B*14:01	24	no	NA	NA	NA	0	0
HLA-B	B*14:02	69	yes	no	subtype	B*14:02	2	1
HLA-B	B*14:03	3	no	NA	NA	NA	0	0
HLA-B	B*15:01	128	yes	no	subtype	B*15:01	1	1
HLA-B	B*15:01/02/15/25	4	yes	yes	allele_group	B*15	1	31
HLA-B	B*15:02	99	yes	yes	allele_group	B*15	1	31
HLA-B	B*15:03	89	yes	yes	allele_group	B*15	1	31
HLA-B	B*15:03/39/40	2	yes	yes	allele_group	B*15	1	31
HLA-B	B*15:04	18	yes	yes	allele_group	B*15	1	31
HLA-B	B*15:05	15	yes	yes	allele_group	B*15	1	31
HLA-B	B*15:07	7	yes	yes	allele_group	B*15	1	31
HLA-B	B*15:08	12	yes	yes	allele_group	B*15	1	31
HLA-B	B*15:09	1	yes	yes	allele_group	B*15	1	31
HLA-B	B*15:10	64	yes	yes	allele_group	B*15	1	31
HLA-B	B*15:11	7	yes	yes	allele_group	B*15	1	31
HLA-B	B*15:12	6	yes	yes	allele_group	B*15	1	31
HLA-B	B*15:15	4	yes	yes	allele_group	B*15	1	31
HLA-B	B*15:16	23	yes	yes	allele_group	B*15	1	31
HLA-B	B*15:17	34	yes	yes	allele_group	B*15	1	31
HLA-B	B*15:18	40	yes	yes	allele_group	B*15	1	31
HLA-B	B*15:20	1	yes	yes	allele_group	B*15	1	31
HLA-B	B*15:21	1	yes	yes	allele_group	B*15	1	31
HLA-B	B*15:212	1	yes	yes	allele_group	B*15	1	31
HLA-B	B*15:220	2	yes	yes	allele_group	B*15	1	31
HLA-B	B*15:220*	2	yes	yes	allele_group	B*15	1	31
HLA-B	B*15:25	20	yes	yes	allele_group	B*15	1	31
HLA-B	B*15:27	3	yes	yes	allele_group	B*15	1	31
HLA-B	B*15:32	4	yes	yes	allele_group	B*15	1	31
HLA-B	B*15:35	2	yes	yes	allele_group	B*15	1	31
HLA-B	B*15:37	1	yes	yes	allele_group	B*15	1	31
HLA-B	B*15:39	1	yes	yes	allele_group	B*15	1	31
HLA-B	B*15:40	1	yes	yes	allele_group	B*15	1	31
HLA-B	B*15:52	1	yes	yes	allele_group	B*15	1	31
HLA-B	B*15:65	1	yes	yes	allele_group	B*15	1	31
HLA-B	B*18:01	134	no	NA	NA	NA	0	0
HLA-B	B*18:01/02	4	no	NA	NA	NA	0	0
HLA-B	B*18:03	1	no	NA	NA	NA	0	0
HLA-B	B*18:05	1	no	NA	NA	NA	0	0
HLA-B	B*18:06	1	no	NA	NA	NA	0	0
HLA-B	B*27:02	3	yes	yes	allele_group	B*27	1	7
HLA-B	B*27:03	15	yes	yes	allele_group	B*27	1	7
HLA-B	B*27:04	17	yes	yes	allele_group	B*27	1	7
HLA-B	B*27:05	68	yes	no	subtype	B*27:05	2	1
HLA-B	B*27:05*	3	yes	yes	allele_group	B*27	1	7
HLA-B	B*27:06	3	yes	yes	allele_group	B*27	1	7
HLA-B	B*27:07	6	yes	yes	allele_group	B*27	1	7
HLA-B	B*35:01	324	no	NA	NA	NA	0	0
HLA-B	B*35:01/05/17/23	1	no	NA	NA	NA	0	0
HLA-B	B*35:01/05/23	2	no	NA	NA	NA	0	0
HLA-B	B*35:01/40N/42/57/94	2	no	NA	NA	NA	0	0
HLA-B	B*35:02	33	no	NA	NA	NA	0	0
HLA-B	B*35:03	105	no	NA	NA	NA	0	0
HLA-B	B*35:03*	1	no	NA	NA	NA	0	0
HLA-B	B*35:03/70	1	no	NA	NA	NA	0	0
HLA-B	B*35:04	3	no	NA	NA	NA	0	0
HLA-B	B*35:05	18	no	NA	NA	NA	0	0
HLA-B	B*35:06	2	no	NA	NA	NA	0	0
HLA-B	B*35:08	18	no	NA	NA	NA	0	0
HLA-B	B*35:09	5	no	NA	NA	NA	0	0
HLA-B	B*35:10	7	no	NA	NA	NA	0	0
HLA-B	B*35:11	2	no	NA	NA	NA	0	0
HLA-B	B*35:12	9	no	NA	NA	NA	0	0
HLA-B	B*35:14	3	no	NA	NA	NA	0	0
HLA-B	B*35:154	1	no	NA	NA	NA	0	0
HLA-B	B*35:17	8	no	NA	NA	NA	0	0
HLA-B	B*35:20	2	no	NA	NA	NA	0	0
HLA-B	B*35:208	1	no	NA	NA	NA	0	0
HLA-B	B*35:22	2	no	NA	NA	NA	0	0
HLA-B	B*35:41	1	no	NA	NA	NA	0	0
HLA-B	B*35:43	18	no	NA	NA	NA	0	0
HLA-B	B*37:01	51	no	NA	NA	NA	0	0
HLA-B	B*37:04	1	no	NA	NA	NA	0	0
HLA-B	B*38:01	37	no	NA	NA	NA	0	0
HLA-B	B*38:02	51	yes	no	subtype	B*38:02	1	1
HLA-B	B*39:01	39	no	NA	NA	NA	0	0
HLA-B	B*39:02	1	no	NA	NA	NA	0	0
HLA-B	B*39:03	1	no	NA	NA	NA	0	0
HLA-B	B*39:05	15	no	NA	NA	NA	0	0
HLA-B	B*39:06	23	no	NA	NA	NA	0	0
HLA-B	B*39:08	1	no	NA	NA	NA	0	0
HLA-B	B*39:09	1	no	NA	NA	NA	0	0
HLA-B	B*39:10	13	no	NA	NA	NA	0	0
HLA-B	B*39:11	6	no	NA	NA	NA	0	0
HLA-B	B*39:12	2	no	NA	NA	NA	0	0
HLA-B	B*39:14	1	no	NA	NA	NA	0	0
HLA-B	B*39:24*	1	no	NA	NA	NA	0	0
HLA-B	B*40:01	199	no	NA	NA	NA	0	0
HLA-B	B*40:02	78	no	NA	NA	NA	0	0
HLA-B	B*40:02*	2	no	NA	NA	NA	0	0
HLA-B	B*40:02/06	1	no	NA	NA	NA	0	0
HLA-B	B*40:03	3	no	NA	NA	NA	0	0
HLA-B	B*40:04	14	no	NA	NA	NA	0	0
HLA-B	B*40:05	1	no	NA	NA	NA	0	0
HLA-B	B*40:06	129	no	NA	NA	NA	0	0
HLA-B	B*40:06/11	1	no	NA	NA	NA	0	0
HLA-B	B*40:111	1	no	NA	NA	NA	0	0
HLA-B	B*40:12	3	no	NA	NA	NA	0	0
HLA-B	B*40:20	1	no	NA	NA	NA	0	0
HLA-B	B*40:23	2	no	NA	NA	NA	0	0
HLA-B	B*40:351	1	no	NA	NA	NA	0	0
HLA-B	B*40:46	1	no	NA	NA	NA	0	0
HLA-B	B*40:64	1	no	NA	NA	NA	0	0
HLA-B	B*41:01	15	no	NA	NA	NA	0	0
HLA-B	B*41:02	19	no	NA	NA	NA	0	0
HLA-B	B*41:03	4	no	NA	NA	NA	0	0
HLA-B	B*41:04	2	no	NA	NA	NA	0	0
HLA-B	B*42:01	82	no	NA	NA	NA	0	0
HLA-B	B*42:02	12	no	NA	NA	NA	0	0
HLA-B	B*42:08	2	no	NA	NA	NA	0	0
HLA-B	B*42:10	1	no	NA	NA	NA	0	0
HLA-B	B*44:02	128	yes	no	subtype	B*44:02	2	1
HLA-B	B*44:02/05	1	no	NA	NA	NA	0	0
HLA-B	B*44:03	297	no	NA	NA	NA	0	0
HLA-B	B*44:05	4	no	NA	NA	NA	0	0
HLA-B	B*44:10	6	no	NA	NA	NA	0	0
HLA-B	B*44:27	2	no	NA	NA	NA	0	0
HLA-B	B*44:43	1	no	NA	NA	NA	0	0
HLA-B	B*44:50	1	no	NA	NA	NA	0	0
HLA-B	B*45:01	80	no	NA	NA	NA	0	0
HLA-B	B*45:07	1	no	NA	NA	NA	0	0
HLA-B	B*46:01	167	no	NA	NA	NA	0	0
HLA-B	B*46:01/15N	1	no	NA	NA	NA	0	0
HLA-B	B*47:01	7	no	NA	NA	NA	0	0
HLA-B	B*47:03	2	no	NA	NA	NA	0	0
HLA-B	B*48:01	42	no	NA	NA	NA	0	0
HLA-B	B*48:02	1	no	NA	NA	NA	0	0
HLA-B	B*48:03	3	no	NA	NA	NA	0	0
HLA-B	B*48:04	8	no	NA	NA	NA	0	0
HLA-B	B*48:05	1	no	NA	NA	NA	0	0
HLA-B	B*48:08	1	no	NA	NA	NA	0	0
HLA-B	B*49:01	79	no	NA	NA	NA	0	0
HLA-B	B*49:01 50:01	1	no	NA	NA	NA	0	0
HLA-B	B*50:01	52	no	NA	NA	NA	0	0
HLA-B	B*50:02	1	no	NA	NA	NA	0	0
HLA-B	B*51:01	267	yes	yes	allele_group	B*51	1	11
HLA-B	B*51:01*	1	yes	yes	allele_group	B*51	1	11
HLA-B	B*51:01/06	1	yes	yes	allele_group	B*51	1	11
HLA-B	B*51:02	11	yes	yes	allele_group	B*51	1	11
HLA-B	B*51:06	21	yes	yes	allele_group	B*51	1	11
HLA-B	B*51:07	1	yes	yes	allele_group	B*51	1	11
HLA-B	B*51:08	3	yes	yes	allele_group	B*51	1	11
HLA-B	B*51:09	1	yes	yes	allele_group	B*51	1	11
HLA-B	B*51:172	1	yes	yes	allele_group	B*51	1	11
HLA-B	B*51:23	1	yes	yes	allele_group	B*51	1	11
HLA-B	B*51:83	1	yes	yes	allele_group	B*51	1	11
HLA-B	B*52:01	184	no	NA	NA	NA	0	0
HLA-B	B*52:02	1	no	NA	NA	NA	0	0
HLA-B	B*52:21	1	no	NA	NA	NA	0	0
HLA-B	B*52:27	1	no	NA	NA	NA	0	0
HLA-B	B*53:01	245	no	NA	NA	NA	0	0
HLA-B	B*53:04	1	no	NA	NA	NA	0	0
HLA-B	B*53:06	1	no	NA	NA	NA	0	0
HLA-B	B*54:01	29	no	NA	NA	NA	0	0
HLA-B	B*54:01 55:01/02 56:01	1	no	NA	NA	NA	0	0
HLA-B	B*55:01	47	yes	no	subtype	B*55:01	1	1
HLA-B	B*55:02	26	yes	no	subtype	B*55:02	1	1
HLA-B	B*56:01	33	no	NA	NA	NA	0	0
HLA-B	B*56:04	3	no	NA	NA	NA	0	0
HLA-B	B*57:01	166	yes	no	subtype	B*57:01	5	1
HLA-B	B*57:02	5	no	NA	NA	NA	0	0
HLA-B	B*57:03	57	no	NA	NA	NA	0	0
HLA-B	B*57:04	1	no	NA	NA	NA	0	0
HLA-B	B*58:01	181	no	NA	NA	NA	0	0
HLA-B	B*58:01/02	1	no	NA	NA	NA	0	0
HLA-B	B*58:01/11	1	no	NA	NA	NA	0	0
HLA-B	B*58:02	41	no	NA	NA	NA	0	0
HLA-B	B*59:01	5	yes	no	subtype	B*59:01	1	1
HLA-B	B*67:01	11	no	NA	NA	NA	0	0
HLA-B	B*73:01	4	no	NA	NA	NA	0	0
HLA-B	B*78:01	27	no	NA	NA	NA	0	0
HLA-B	B*78:04	1	no	NA	NA	NA	0	0
HLA-B	B*81:01	31	no	NA	NA	NA	0	0
HLA-B	B*81:02	1	no	NA	NA	NA	0	0
HLA-B	B*82:01	6	no	NA	NA	NA	0	0
HLA-B	B*82:02	2	no	NA	NA	NA	0	0
HLA-C	C*01:02	381	no	NA	NA	NA	0	0
HLA-C	C*01:03	4	no	NA	NA	NA	0	0
HLA-C	C*01:03*	1	no	NA	NA	NA	0	0
HLA-C	C*01:44	2	no	NA	NA	NA	0	0
HLA-C	C*02:02	89	yes	no	subtype	C*02:02	1	1
HLA-C	C*02:10	93	no	NA	NA	NA	0	0
HLA-C	C*02:10*	5	no	NA	NA	NA	0	0
HLA-C	C*03:02	140	no	NA	NA	NA	0	0
HLA-C	C*03:02/03/04	8	no	NA	NA	NA	0	0
HLA-C	C*03:03	185	no	NA	NA	NA	0	0
HLA-C	C*03:04	349	no	NA	NA	NA	0	0
HLA-C	C*03:04/05	1	no	NA	NA	NA	0	0
HLA-C	C*03:05	11	no	NA	NA	NA	0	0
HLA-C	C*03:06	1	no	NA	NA	NA	0	0
HLA-C	C*03:146	1	no	NA	NA	NA	0	0
HLA-C	C*03:243	1	no	NA	NA	NA	0	0
HLA-C	C*03:36	1	no	NA	NA	NA	0	0
HLA-C	C*03:78	1	no	NA	NA	NA	0	0
HLA-C	C*04:01	768	yes	no	subtype	C*04:01	1	1
HLA-C	C*04:01*	1	no	NA	NA	NA	0	0
HLA-C	C*04:03	32	no	NA	NA	NA	0	0
HLA-C	C*04:04	4	no	NA	NA	NA	0	0
HLA-C	C*04:06	2	no	NA	NA	NA	0	0
HLA-C	C*04:07	1	no	NA	NA	NA	0	0
HLA-C	C*04:09N	3	no	NA	NA	NA	0	0
HLA-C	C*04:10	1	no	NA	NA	NA	0	0
HLA-C	C*04:13	1	no	NA	NA	NA	0	0
HLA-C	C*05:01	171	yes	no	subtype	C*05:01	2	1
HLA-C	C*05:09	1	no	NA	NA	NA	0	0
HLA-C	C*05:37*	1	no	NA	NA	NA	0	0
HLA-C	C*06:02	433	yes	no	subtype	C*06:02	4	1
HLA-C	C*06:03	1	no	NA	NA	NA	0	0
HLA-C	C*06:06*	1	no	NA	NA	NA	0	0
HLA-C	C*07:01	298	yes	no	subtype	C*07:01	10	1
HLA-C	C*07:01*	1	no	NA	NA	NA	0	0
HLA-C	C*07:01/02	1	no	NA	NA	NA	0	0
HLA-C	C*07:01/06/18	2	no	NA	NA	NA	0	0
HLA-C	C*07:01/26	4	no	NA	NA	NA	0	0
HLA-C	C*07:02	589	yes	no	subtype	C*07:02	5	1
HLA-C	C*07:04	61	no	NA	NA	NA	0	0
HLA-C	C*07:06	83	no	NA	NA	NA	0	0
HLA-C	C*07:173	1	no	NA	NA	NA	0	0
HLA-C	C*07:177	1	no	NA	NA	NA	0	0
HLA-C	C*07:18	89	no	NA	NA	NA	0	0
HLA-C	C*07:18*	4	no	NA	NA	NA	0	0
HLA-C	C*07:26	4	no	NA	NA	NA	0	0
HLA-C	C*07:28	1	no	NA	NA	NA	0	0
HLA-C	C*07:457	1	no	NA	NA	NA	0	0
HLA-C	C*07:74	1	no	NA	NA	NA	0	0
HLA-C	C*08:01	162	no	NA	NA	NA	0	0
HLA-C	C*08:02	106	yes	no	subtype	C*08:02	1	1
HLA-C	C*08:03	11	no	NA	NA	NA	0	0
HLA-C	C*08:03*	2	no	NA	NA	NA	0	0
HLA-C	C*08:04	33	no	NA	NA	NA	0	0
HLA-C	C*08:148	1	no	NA	NA	NA	0	0
HLA-C	C*08:16	1	no	NA	NA	NA	0	0
HLA-C	C*08:22	1	no	NA	NA	NA	0	0
HLA-C	C*08:22*	2	no	NA	NA	NA	0	0
HLA-C	C*12:02	177	yes	no	subtype	C*12:02	1	1
HLA-C	C*12:03	153	no	NA	NA	NA	0	0
HLA-C	C*12:04	6	no	NA	NA	NA	0	0
HLA-C	C*12:05	1	no	NA	NA	NA	0	0
HLA-C	C*12:19	1	no	NA	NA	NA	0	0
HLA-C	C*14:02	133	no	NA	NA	NA	0	0
HLA-C	C*14:03	21	no	NA	NA	NA	0	0
HLA-C	C*14:12	1	no	NA	NA	NA	0	0
HLA-C	C*14:42	1	no	NA	NA	NA	0	0
HLA-C	C*15:02	188	no	NA	NA	NA	0	0
HLA-C	C*15:02/04/06/09	1	no	NA	NA	NA	0	0
HLA-C	C*15:05	68	no	NA	NA	NA	0	0
HLA-C	C*15:05/22	1	no	NA	NA	NA	0	0
HLA-C	C*15:13	1	no	NA	NA	NA	0	0
HLA-C	C*15:13*	1	no	NA	NA	NA	0	0
HLA-C	C*15:22	1	no	NA	NA	NA	0	0
HLA-C	C*16:01	255	no	NA	NA	NA	0	0
HLA-C	C*16:02	38	no	NA	NA	NA	0	0
HLA-C	C*16:04	4	no	NA	NA	NA	0	0
HLA-C	C*17:01	114	no	NA	NA	NA	0	0
HLA-C	C*17:03	20	no	NA	NA	NA	0	0
HLA-C	C*18:01	14	no	NA	NA	NA	0	0
HLA-C	C*18:02	24	no	NA	NA	NA	0	0
HLA-C	C*18:02*	2	no	NA	NA	NA	0	0
HLA-C	C*18:04	1	no	NA	NA	NA	0	0
HLA-DQB1	DQB1*0,0840277777777778	1	no	NA	NA	NA	0	0
HLA-DQB1	DQB1*0,0847222222222222	1	no	NA	NA	NA	0	0
HLA-DQB1	DQB1*02:01	302	yes	no	subtype	DQB1*02:01	8	1
HLA-DQB1	DQB1*02:01/02	2	no	NA	NA	NA	0	0
HLA-DQB1	DQB1*02:02	466	yes	no	subtype	DQB1*02:02	2	1
HLA-DQB1	DQB1*02:02*	24	no	NA	NA	NA	0	0
HLA-DQB1	DQB1*02:02/03	1	no	NA	NA	NA	0	0
HLA-DQB1	DQB1*02:03	5	no	NA	NA	NA	0	0
HLA-DQB1	DQB1*02:07	1	no	NA	NA	NA	0	0
HLA-DQB1	DQB1*03:01	660	yes	no	subtype	DQB1*03:01	3	1
HLA-DQB1	DQB1*03:01/02/03/04	2	yes	yes	allele_group	DQB1*03	1	17
HLA-DQB1	DQB1*03:01/04	10	yes	yes	allele_group	DQB1*03	1	17
HLA-DQB1	DQB1*03:01/04/09/19	1	yes	yes	allele_group	DQB1*03	1	17
HLA-DQB1	DQB1*03:01/09/19	1	yes	yes	allele_group	DQB1*03	1	17
HLA-DQB1	DQB1*03:01/19	4	yes	yes	allele_group	DQB1*03	1	17
HLA-DQB1	DQB1*03:02	400	yes	no	subtype	DQB1*03:02	2	1
HLA-DQB1	DQB1*03:02/03	9	yes	yes	allele_group	DQB1*03	1	17
HLA-DQB1	DQB1*03:03	313	yes	no	subtype	DQB1*03:03	4	1
HLA-DQB1	DQB1*03:04	7	yes	yes	allele_group	DQB1*03	1	17
HLA-DQB1	DQB1*03:05	2	yes	no	subtype	DQB1*03:05	1	1
HLA-DQB1	DQB1*03:106	1	yes	yes	allele_group	DQB1*03	1	17
HLA-DQB1	DQB1*03:11	1	yes	yes	allele_group	DQB1*03	1	17
HLA-DQB1	DQB1*03:19	177	yes	yes	allele_group	DQB1*03	1	17
HLA-DQB1	DQB1*03:19*	4	yes	yes	allele_group	DQB1*03	1	17
HLA-DQB1	DQB1*03:191*	1	yes	yes	allele_group	DQB1*03	1	17
HLA-DQB1	DQB1*03:42	1	yes	yes	allele_group	DQB1*03	1	17
HLA-DQB1	DQB1*04:01	37	no	NA	NA	NA	0	0
HLA-DQB1	DQB1*04:01/02	6	no	NA	NA	NA	0	0
HLA-DQB1	DQB1*04:02	248	no	NA	NA	NA	0	0
HLA-DQB1	DQB1*05:01	602	yes	no	subtype	DQB1*05:01	4	1
HLA-DQB1	DQB1*05:01/02	1	no	NA	NA	NA	0	0
HLA-DQB1	DQB1*05:02	220	yes	no	subtype	DQB1*05:02	1	1
HLA-DQB1	DQB1*05:02/04	1	no	NA	NA	NA	0	0
HLA-DQB1	DQB1*05:03	176	yes	no	subtype	DQB1*05:03	1	1
HLA-DQB1	DQB1*05:04	2	no	NA	NA	NA	0	0
HLA-DQB1	DQB1*06:01	298	yes	yes	allele_group	DQB1*06	1	15
HLA-DQB1	DQB1*06:02	442	yes	no	subtype	DQB1*06:02	9	1
HLA-DQB1	DQB1*06:02/03	1	yes	yes	allele_group	DQB1*06	1	15
HLA-DQB1	DQB1*06:03	175	yes	no	subtype	DQB1*06:03	1	1
HLA-DQB1	DQB1*06:03/08	1	yes	yes	allele_group	DQB1*06	1	15
HLA-DQB1	DQB1*06:04	75	yes	yes	allele_group	DQB1*06	1	15
HLA-DQB1	DQB1*06:04/09	1	yes	yes	allele_group	DQB1*06	1	15
HLA-DQB1	DQB1*06:08	3	yes	yes	allele_group	DQB1*06	1	15
HLA-DQB1	DQB1*06:09	95	yes	yes	allele_group	DQB1*06	1	15
HLA-DQB1	DQB1*06:09*	5	yes	yes	allele_group	DQB1*06	1	15
HLA-DQB1	DQB1*06:10	1	yes	yes	allele_group	DQB1*06	1	15
HLA-DQB1	DQB1*06:110	5	yes	yes	allele_group	DQB1*06	1	15
HLA-DQB1	DQB1*06:39*	1	yes	yes	allele_group	DQB1*06	1	15
HLA-DQB1	DQB1*06:41	1	yes	yes	allele_group	DQB1*06	1	15
HLA-DQB1	DQB1*06:55	1	yes	yes	allele_group	DQB1*06	1	15
HLA-DRB1	DRB1*01:01	224	yes	no	subtype	DRB1*01:01	4	1
HLA-DRB1	DRB1*01:02	98	yes	no	subtype	DRB1*01:02	1	1
HLA-DRB1	DRB1*01:03	21	yes	no	subtype	DRB1*01:03	1	1
HLA-DRB1	DRB1*01:23*	1	no	NA	NA	NA	0	0
HLA-DRB1	DRB1*03:01	341	yes	no	subtype	DRB1*03:01	9	1
HLA-DRB1	DRB1*03:02	123	yes	yes	allele_group	DRB1*03	1	3
HLA-DRB1	DRB1*03:04	1	yes	yes	allele_group	DRB1*03	1	3
HLA-DRB1	DRB1*04:01	109	yes	no	subtype	DRB1*04:01	3	1
HLA-DRB1	DRB1*04:02	19	yes	yes	allele_group	DRB1*04	1	14
HLA-DRB1	DRB1*04:03	109	yes	yes	allele_group	DRB1*04	1	14
HLA-DRB1	DRB1*04:04	115	yes	no	subtype	DRB1*04:04	2	1
HLA-DRB1	DRB1*04:05	119	yes	yes	allele_group	DRB1*04	1	14
HLA-DRB1	DRB1*04:06	21	yes	yes	allele_group	DRB1*04	1	14
HLA-DRB1	DRB1*04:07	50	yes	no	subtype	DRB1*04:07	1	1
HLA-DRB1	DRB1*04:08	10	yes	no	subtype	DRB1*04:08	1	1
HLA-DRB1	DRB1*04:10	12	yes	yes	allele_group	DRB1*04	1	14
HLA-DRB1	DRB1*04:11	25	yes	yes	allele_group	DRB1*04	1	14
HLA-DRB1	DRB1*04:13	1	yes	yes	allele_group	DRB1*04	1	14
HLA-DRB1	DRB1*04:17	1	yes	yes	allele_group	DRB1*04	1	14
HLA-DRB1	DRB1*04:92	8	yes	yes	allele_group	DRB1*04	1	14
HLA-DRB1	DRB1*04:92*	5	yes	yes	allele_group	DRB1*04	1	14
HLA-DRB1	DRB1*07:01	573	yes	no	subtype	DRB1*07:01	6	1
HLA-DRB1	DRB1*07:03	1	no	NA	NA	NA	0	0
HLA-DRB1	DRB1*07:11	1	no	NA	NA	NA	0	0
HLA-DRB1	DRB1*08:01	63	yes	yes	allele_group	DRB1*08	1	7
HLA-DRB1	DRB1*08:02	79	yes	yes	allele_group	DRB1*08	1	7
HLA-DRB1	DRB1*08:02*	1	yes	yes	allele_group	DRB1*08	1	7
HLA-DRB1	DRB1*08:03	85	yes	yes	allele_group	DRB1*08	1	7
HLA-DRB1	DRB1*08:03*	3	yes	yes	allele_group	DRB1*08	1	7
HLA-DRB1	DRB1*08:04	95	yes	yes	allele_group	DRB1*08	1	7
HLA-DRB1	DRB1*08:06	19	yes	yes	allele_group	DRB1*08	1	7
HLA-DRB1	DRB1*09:01	289	no	NA	NA	NA	0	0
HLA-DRB1	DRB1*09:06	1	no	NA	NA	NA	0	0
HLA-DRB1	DRB1*10:01	154	no	NA	NA	NA	0	0
HLA-DRB1	DRB1*11:01	305	yes	no	subtype	DRB1*11:01	5	1
HLA-DRB1	DRB1*11:01*	1	no	NA	NA	NA	0	0
HLA-DRB1	DRB1*11:01/09/12/15	1	no	NA	NA	NA	0	0
HLA-DRB1	DRB1*11:02	82	no	NA	NA	NA	0	0
HLA-DRB1	DRB1*11:03	7	no	NA	NA	NA	0	0
HLA-DRB1	DRB1*11:04	62	yes	no	subtype	DRB1*11:04	1	1
HLA-DRB1	DRB1*11:06	4	no	NA	NA	NA	0	0
HLA-DRB1	DRB1*11:08	1	yes	no	subtype	DRB1*11:08	1	1
HLA-DRB1	DRB1*11:10	1	no	NA	NA	NA	0	0
HLA-DRB1	DRB1*12:01	100	yes	no	subtype	DRB1*12:01	3	1
HLA-DRB1	DRB1*12:01*	1	no	NA	NA	NA	0	0
HLA-DRB1	DRB1*12:02	161	no	NA	NA	NA	0	0
HLA-DRB1	DRB1*12:02*	1	no	NA	NA	NA	0	0
HLA-DRB1	DRB1*12:10	1	no	NA	NA	NA	0	0
HLA-DRB1	DRB1*12:60N	2	no	NA	NA	NA	0	0
HLA-DRB1	DRB1*13:01	258	yes	no	subtype	DRB1*13:01	1	1
HLA-DRB1	DRB1*13:02	229	no	NA	NA	NA	0	0
HLA-DRB1	DRB1*13:02*	1	no	NA	NA	NA	0	0
HLA-DRB1	DRB1*13:03	96	no	NA	NA	NA	0	0
HLA-DRB1	DRB1*13:04	45	no	NA	NA	NA	0	0
HLA-DRB1	DRB1*13:05	2	no	NA	NA	NA	0	0
HLA-DRB1	DRB1*13:12	11	no	NA	NA	NA	0	0
HLA-DRB1	DRB1*13:177*	1	no	NA	NA	NA	0	0
HLA-DRB1	DRB1*13:182	1	no	NA	NA	NA	0	0
HLA-DRB1	DRB1*13:21	1	no	NA	NA	NA	0	0
HLA-DRB1	DRB1*13:27	2	no	NA	NA	NA	0	0
HLA-DRB1	DRB1*13:31	1	no	NA	NA	NA	0	0
HLA-DRB1	DRB1*14:01	11	yes	no	subtype	DRB1*14:01	1	1
HLA-DRB1	DRB1*14:01/54	3	no	NA	NA	NA	0	0
HLA-DRB1	DRB1*14:02	39	no	NA	NA	NA	0	0
HLA-DRB1	DRB1*14:03	7	no	NA	NA	NA	0	0
HLA-DRB1	DRB1*14:04	81	yes	no	subtype	DRB1*14:04	1	1
HLA-DRB1	DRB1*14:05	24	no	NA	NA	NA	0	0
HLA-DRB1	DRB1*14:05*	2	no	NA	NA	NA	0	0
HLA-DRB1	DRB1*14:06	10	no	NA	NA	NA	0	0
HLA-DRB1	DRB1*14:07	3	no	NA	NA	NA	0	0
HLA-DRB1	DRB1*14:07*	1	no	NA	NA	NA	0	0
HLA-DRB1	DRB1*14:15	1	no	NA	NA	NA	0	0
HLA-DRB1	DRB1*14:54	96	no	NA	NA	NA	0	0
HLA-DRB1	DRB1*14:54*	11	no	NA	NA	NA	0	0
HLA-DRB1	DRB1*15:01	382	yes	no	subtype	DRB1*15:01	11	1
HLA-DRB1	DRB1*15:02	220	yes	yes	allele_group	DRB1*15	1	7
HLA-DRB1	DRB1*15:03	180	yes	no	subtype	DRB1*15:03	1	1
HLA-DRB1	DRB1*15:04	9	yes	yes	allele_group	DRB1*15	1	7
HLA-DRB1	DRB1*15:06	19	yes	yes	allele_group	DRB1*15	1	7
HLA-DRB1	DRB1*15:07	1	yes	yes	allele_group	DRB1*15	1	7
HLA-DRB1	DRB1*15:10	1	yes	yes	allele_group	DRB1*15	1	7
HLA-DRB1	DRB1*16:01	20	no	NA	NA	NA	0	0
HLA-DRB1	DRB1*16:02	104	no	NA	NA	NA	0	0
HLA-DRB1	DRB1*16:35	1	no	NA	NA	NA	0	0
