sentinel	population	n_carriers	mean_conf	min_conf	tier_HIGH	tier_MODERATE	tier_LOW
B*57:01	EUR	45	0.900	0.900	45	0	0
B*57:01	EAS	12	0.900	0.900	12	0	0
B*57:01	AMR	13	0.900	0.900	13	0	0
B*57:01	SAS	91	0.900	0.900	91	0	0
B*57:01	AFR	1	0.900	0.900	1	0	0
B*58:01	EUR	10	0.900	0.900	10	0	0
B*58:01	EAS	55	0.900	0.900	55	0	0
B*58:01	AMR	5	0.900	0.900	5	0	0
B*58:01	SAS	31	0.900	0.900	31	0	0
B*58:01	AFR	75	0.900	0.900	75	0	0
B*15:02	EAS	49	0.900	0.900	49	0	0
B*15:02	SAS	49	0.900	0.900	49	0	0
A*31:01	EUR	26	0.900	0.900	26	0	0
A*31:01	EAS	35	0.900	0.900	35	0	0
A*31:01	AMR	33	0.900	0.900	33	0	0
A*31:01	SAS	27	0.900	0.900	27	0	0
A*31:01	AFR	10	0.900	0.900	10	0	0
DRB1*03:01	EUR	106	0.900	0.900	106	0	0
DRB1*03:01	EAS	36	0.900	0.900	36	0	0
DRB1*03:01	AMR	46	0.900	0.900	46	0	0
DRB1*03:01	SAS	74	0.900	0.900	74	0	0
DRB1*03:01	AFR	65	0.900	0.900	65	0	0
DRB1*04:01	EUR	71	0.900	0.900	71	0	0
DRB1*04:01	EAS	5	0.900	0.900	5	0	0
DRB1*04:01	AMR	6	0.900	0.900	6	0	0
DRB1*04:01	SAS	12	0.900	0.900	12	0	0
DRB1*04:01	AFR	13	0.900	0.900	13	0	0
DRB1*15:01	EUR	114	0.900	0.900	114	0	0
DRB1*15:01	EAS	92	0.900	0.900	92	0	0
DRB1*15:01	AMR	35	0.900	0.900	35	0	0
DRB1*15:01	SAS	108	0.900	0.900	108	0	0
DRB1*15:01	AFR	8	0.900	0.900	8	0	0
B*27:05	EUR	42	0.900	0.900	42	0	0
B*27:05	EAS	1	0.900	0.900	1	0	0
B*27:05	AMR	9	0.900	0.900	9	0	0
B*27:05	SAS	11	0.900	0.900	11	0	0
B*27:05	AFR	3	0.900	0.900	3	0	0
B*51:01	EUR	67	0.900	0.900	67	0	0
B*51:01	EAS	61	0.900	0.900	61	0	0
B*51:01	AMR	33	0.900	0.900	33	0	0
B*51:01	SAS	70	0.900	0.900	70	0	0
B*51:01	AFR	28	0.900	0.900	28	0	0
DQB1*02:01	EUR	87	0.900	0.900	87	0	0
DQB1*02:01	EAS	24	0.900	0.900	24	0	0
DQB1*02:01	AMR	42	0.900	0.900	42	0	0
DQB1*02:01	SAS	72	0.900	0.900	72	0	0
DQB1*02:01	AFR	64	0.900	0.900	64	0	0
DQB1*06:02	EUR	80	0.900	0.900	80	0	0
DQB1*06:02	EAS	31	0.900	0.900	31	0	0
DQB1*06:02	AMR	38	0.900	0.900	38	0	0
DQB1*06:02	SAS	19	0.900	0.900	19	0	0
DQB1*06:02	AFR	222	0.900	0.900	222	0	0
